{"loss": [0.18031272292137146, 0.13639608025550842, 0.11031816899776459, 0.08737319707870483, 0.07349531352519989, 0.06160154566168785, 0.05661628395318985, 0.0510416105389595, 0.04698798432946205, 0.04293946921825409], "accuracy": [0.9407354593276978, 0.9552315473556519, 0.9645067453384399, 0.971278190612793, 0.9756170511245728, 0.9799132347106934, 0.9818336963653564, 0.9837541580200195, 0.984280526638031, 0.9858595728874207], "val_loss": [0.18227538466453552, 0.16133828461170197, 0.18554095923900604, 0.11376944929361343, 0.16688646376132965, 0.13336169719696045, 0.1203693151473999, 0.13137614727020264, 0.09382446855306625, 0.09696418792009354], "val_accuracy": [0.945026159286499, 0.9478147029876709, 0.9419531226158142, 0.9656840562820435, 0.9494650363922119, 0.9603915214538574, 0.9651718735694885, 0.9624402523040771, 0.9738789200782776, 0.9733098149299622]}