{"loss": [1.3673256635665894, 0.43633177876472473, 0.26256054639816284, 0.17921225726604462, 0.13588948547840118, 0.10370029509067535, 0.0860968753695488, 0.07405951619148254, 0.06183944642543793, 0.056116361171007156], "accuracy": [0.5978946089744568, 0.8596486449241638, 0.9159257411956787, 0.9421722888946533, 0.9558290243148804, 0.9652606844902039, 0.9716480374336243, 0.9756312966346741, 0.9797709584236145, 0.982146680355072], "val_loss": [0.5082204937934875, 0.3667379319667816, 0.25135451555252075, 0.16277100145816803, 0.18475593626499176, 0.12191461771726608, 0.1441044807434082, 0.12319464981555939, 0.16458432376384735, 0.16742374002933502], "val_accuracy": [0.8387776017189026, 0.8859549164772034, 0.9198155999183655, 0.9460505247116089, 0.9428067207336426, 0.961700439453125, 0.9554404616355896, 0.9607329964637756, 0.9552128314971924, 0.9540746808052063]}